,Parquet,HDF Fixed,CSV,Data
read,15.359062910079956,81.90163540840149,46.96368622779846,Numeric
write,27.696107149124146,10.553073406219482,233.5306043624878,Numeric
size,1013787107.0,1231041072.0,3027676252.0,Numeric
